filename,directory,type,purpose,_fileid
src,ROOT,dir,ML Pipeline Source Code,artifacts/49519FDB/0
docs,ROOT,dir,Project Documentation,artifacts/49519FDB/1
mlflow_config.py,ROOT/src,file,Configure MLFlow settings and project parameters,artifacts/49519FDB/2
data_ingestion.py,ROOT/src,file,"Ingest data from various sources, cleanse it, and store in a centralized location.",artifacts/49519FDB/3
feature_engineering.py,ROOT/src,file,Extract relevant features for model training based on the ingested data,artifacts/49519FDB/4
model_training.py,ROOT/src,file,Train multiple models using different algorithms to compare performance and select best one,artifacts/49519FDB/5
deployment_scripts,ROOT/src,dir,"Deploy selected ML Model in production environment, including dockerization scripts if needed.",artifacts/49519FDB/6
requirements.txt,ROOT/src,file,Project dependencies for all Python packages used by the pipeline components,artifacts/49519FDB/7
