filename,directory,type,purpose,_fileid
src,ROOT,dir,Python source code,artifacts/E0F2DD8D/0
data,ROOT/src,dir,Data storage for training and testing datasets,artifacts/E0F2DD8D/1
models,ROOT/src,dir,Model directory with trained models,artifacts/E0F2DD8D/2
configs,ROOT/src,dir,Configuration files for model training,artifacts/E0F2DD8D/3
requirements.txt,ROOT/src,file,Project dependencies,artifacts/E0F2DD8D/4
train_script.py,ROOT/src,file,Main script to train the custom sentence transformer model,artifacts/E0F2DD8D/5
