filename,directory,type,purpose,_fileid
docker-compose,ROOT/src,dir,Docker Compose configuration,artifacts/2B67D6FC/0
configs,ROOT/src/docker-compose,dir,Configuration files and directories for each service,artifacts/2B67D6FC/1
.env.example,ROOT/src/docker-compose/configs/.env.example,file,Sample environment variables file,artifacts/2B67D6FC/2
.env,ROOT/src/docker-compose/configs/.env,file,Actual environment variables file for the composition,artifacts/2B67D6FC/3
.dockerignore,ROOT/src/docker-compose/.,hidden_dir|file,Ignore files and directories in docker context,artifacts/2B67D6FC/4
elasticsearch.yml,ROOT/src/configs/elasticsearch/.yaml,file,Elasticsearch configuration file,artifacts/2B67D6FC/5
.esdata,ROOT/volume,directory,Volume mount for ElasticSearch data storage,artifacts/2B67D6FC/6
logstash-conf.xml,ROOT/src/docker-compose/kibana_container/configs/logstash/.xml,file,Logstash configuration file,artifacts/2B67D6FC/7
.esdata,ROOT/volume,directory,Volume mount for ElasticSearch data storage,artifacts/2B67D6FC/8
README.md,ROOT/docs,file,Project documentation,artifacts/2B67D6FC/9
