filename,directory,type,purpose,_fileid
docker-compose,ROOT/src,file,Docker Compose file for ElasticSearch & Kibana,artifacts/49B9A07C/0
configs,ROOT/src,dir,Configuration files directory,artifacts/49B9A07C/1
.env.example,ROOT/configs,file,Sample .env file with default passwords,artifacts/49B9A07C/2
volumes,ROOT/docker-compose,dir,Volume mount directory,artifacts/49B9A07C/3
es_data,ROOT/volumes/ElasticSearch,dir,Data volume for Elasticsearch,artifacts/49B9A07C/4
.es.yml,ROOT/configs/elasticsearch,file,Configuration file for ES server,artifacts/49B9A07C/5
kibana-ui,ROOT/volumes/KibanaUI,dir,Volume mount directory for Kibana UI files,artifacts/49B9A07C/6
