filename,directory,type,purpose,_fileid
data,ROOT,dir,Raw data files,artifacts/1790F317/0
spark_scripts,ROOT/src,dir,Spark scripts directory,artifacts/1790F317/1
main.scala,ROOT/spark_scripts,file,Main Spark script for processing sales transactions,artifacts/1790F317/2
schema.json,ROOT/data,file,Schema file defining data structure of raw files,artifacts/1790F317/3
output,ROOT,dir,Output folder containing processed and computed results,artifacts/1790F317/4
weekly_sales_avg.csv,OUTPUT/Weekly Sales Avg.,file,CSV with weekly average sales values,artifacts/1790F317/5
percentage_diff.json,OUTPUT/Percentage Differential,file,JSON file with percentage differential across weeks,artifacts/1790F317/6
