﻿Abbreviation,Full_Form
RES,Reservation
RA,Rental Agreement
DISC,Discount
LOC,Location
LYLTY,Loyalty
VEH,Vehicle
RNTAL,Rental
PHN,Phone
CUST,Customer
PRFL,Profile
SRC,Source
SYS,System
CD,Code
NUM,Number
CNT,Count
BKD,Booked
QTY,Quantity
CNT,Count
PU,Pick Up
DT,Date
TM,Time
PROV,Provinence
ST,State
CTRY,Country
OAG,Official Airline Guide
RTN,Return
REVN,Revenue
INTNL,International
DOM,Domestic
INTRC,Intercity
IND,Indicator
CLS,Class
SIPP,Standard Interline Passenger Procedure Code
EXP ,Express
SRVC,Service
PREF,Preference
CORP,Corperate
EUR,Euro
Travl,Travel
Orig,Original
CTR,Center
FCN,Functional
OPR,Operation
MAINT,Maintenance
BUSN,Business
CHRG,Charge
SRC,Source
CTRY,Country
INFO,Information
AGN,Agent
CAN,Cancel
TXT,Text
RT,Rate
QTY,Quantity
WK,Week
HR,Hour
ALLW,Allowance
EXTR,External
ELIG,Eligibility
LANG,Language
CFRM,Confirmed
PSGR,Passanger
AIRLN,Airline
FLT,Flight
RFL,Referral
DESC,Description
BR,Bundled
RQST,Requested
CAT,Category
FMLY,Family
CLSN,Classification
PPD,Prepaid
GUAR,Guarantee
DTTM,Date Time
TOT,Total
REF,Reference
CTR,Center
PERSL,Personal
PRPTY,Property
INSR,Insurance
PCT,Percent
TACO,Travel Agency Commission
ID,Identifier
STOT,SubTotal
ADVTSR,Advertiser
BRD,Brand
VEND,Vendor
VT,Valid Time
VER,Version
EFF,Effective
RGN,Region
CTRY,Country
PRPTY,Property
CNCSNS,Concessions
P,Processed
USRID,User Identifier
PROM,Promotional
DRB,Daily Report of Business
GDRB,Global Daily Report of Business
HLE,Hertz Local Edition
WWD,World Wide
DAC,Direct Access Hold Indicator
SF,Salesforce
OBJ,Object
