table_catalog,table_schema,table_name,columns
datalabs,lab_sfmc_extracts,conversions,"[ClientID, SendID, SubscriberKey, EmailAddress, SubscriberID, ListID, EventDate, EventType, ReferringURL, LinkAlias, ConversionData, BatchID, TriggeredSendExternalKey, URLID]"
datalabs,lab_sfmc_extracts,lists,"[ClientID, ListID, Name, Description, DateCreated, Status, ListType]"
datalabs,lab_sfmc_extracts,sendjobs,"[ClientID, SendID, FromName, FromEmail, SchedTime, SentTime, Subject, EmailName, TriggeredSendExternalKey, SendDefinitionExternalKey, JobStatus, PreviewURL, IsMultipart, Additional]"
datalabs,lab_sfmc_extracts,sent,"[ClientID, SendID, SubscriberKey, EmailAddress, SubscriberID, ListID, EventDate, EventType, BatchID, TriggeredSendExternalKey, CampaignID]"
datalabs,lab_sfmc_extracts,statuschange,"[ClientID, SubscriberKey, EmailAddress, SubscriberID, OldStatus, NewStatus, DateChanged]"
fleet_prd1_us,analytics,sales_full_history,"[VIN, VIN, REAL_VIN, REAL_VIN, ACTIVE, ACTIVE, SOLD_MONTH, SOLD_MONTH, SOLD_DATE, SOLD_DATE, OWN_AREA, OWN_AREA, UNIT, UNIT, OWN_COUNTRY, OWN_COUNTRY, OWN_TYPE, OWN_TYPE, SERVICE_UNIT, SERVICE_UNIT, BROKEN_IND, BROKEN_IND, VDA, VDA, CONDITION, CONDITION, INVENTORY_DATE, INVENTORY_DATE, STATUS, STATUS, SOURCE, SOURCE, CHANNEL, CHANNEL, PL_REASON, PL_REASON, ADD_DATE, ADD_DATE, DAYS_ACTIVE_SINCE_SALE, DAYS_ACTIVE_SINCE_SALE, SOLD_AGE, SOLD_AGE, MILEAGE, MILEAGE, CAP_COST, CAP_COST, DAILY_BV, DAILY_BV, SOLD_PRICE, SOLD_PRICE, ACCOUNTING_PL, ACCOUNTING_PL, CURRENT_DEP_AMT, CURRENT_DEP_AMT, LAST_RENT_DATE, LAST_RENT_DATE, LIFE_DEP_RATE, LIFE_DEP_RATE, LIFE_DEP_RATE_PERCENT, LIFE_DEP_RATE_PERCENT, CAR_CLASS, CAR_CLASS, VEHICLE_CLASS_NAME, VEHICLE_CLASS_NAME, RALLY_CAR_GROUP, RALLY_CAR_GROUP, MODEL_YEAR, MODEL_YEAR, OEM, OEM, MAKE, MAKE, MODEL_GROUP, MODEL_GROUP, STYLE_ID, STYLE_ID, MODEL, MODEL, TRIM, TRIM, COLOR, COLOR, GENERIC_COLOR, GENERIC_COLOR, ENGINE, ENGINE, DRIVETRAIN, DRIVETRAIN, LAST_RENT_AREA, LAST_RENT_AREA, LAST_RENT_LOC, LAST_RENT_LOC, DMS_HERTZ_LOC, DMS_HERTZ_LOC, DMS_ORDER_LOC, DMS_ORDER_LOC, DMS_BOS, DMS_BOS, DMS_DEALER, DMS_DEALER, DMS_DEALER_STATE, DMS_DEALER_STATE, DMS_REP, DMS_REP, DMS_REP_REGION, DMS_REP_REGION, DMS_FUNDED_DATE_TIME, DMS_FUNDED_DATE_TIME, DMS_COMBO, DMS_COMBO, IMS_AASC_ID, IMS_AASC_ID, IMS_WO, IMS_WO, IMS_FLOOR_REQUESTED, IMS_FLOOR_REQUESTED, IMS_FLOOR_ACCEPTED, IMS_FLOOR_ACCEPTED, IMS_GRADE, IMS_GRADE, IMS_EST_DAMAGE, IMS_EST_DAMAGE, IMS_BUYER_NAME, IMS_BUYER_NAME, IMS_TIMES_RUN, IMS_TIMES_RUN, IMS_AUCTION_ID, IMS_AUCTION_ID, IMS_AUCTION_NAME, IMS_AUCTION_NAME, CURRENT_ZONE, CURRENT_ZONE, CURRENT_POOL, CURRENT_POOL, CURRENT_STATE, CURRENT_STATE, CURRENT_REMARKETING_REGION, CURRENT_REMARKETING_REGION, ADVENT_STORE_NUMBER, ADVENT_STORE_NUMBER, ADVENT_BOS, ADVENT_BOS, ADVENT_STORE_NAME, ADVENT_STORE_NAME, ADVENT_CUSTOMER_STATE, ADVENT_CUSTOMER_STATE, ADVENT_INVENTORY_COST, ADVENT_INVENTORY_COST, RETAIL_STORE_NAME, RETAIL_STORE_NAME, MMR_AT_INVENTORY, MMR_AT_INVENTORY, MMR_AT_SALE, MMR_AT_SALE, MERV, MERV, COMBO_AT_SALE, COMBO_AT_SALE, DOC_FEE, DOC_FEE, PROFIT_FINANCING, PROFIT_FINANCING, PROFIT_GAP, PROFIT_GAP, PROFIT_WARRANTY, PROFIT_WARRANTY, PROFIT_OTHER, PROFIT_OTHER, TRADE_1_ACV, TRADE_1_ACV, TRADE_1_ALLOWANCE, TRADE_1_ALLOWANCE]"
fleet_prd1_us,information_schema,column_tags,"[catalog_name, catalog_name, schema_name, schema_name, table_name, table_name, column_name, column_name, tag_name, tag_name, tag_value, tag_value]"
fleet_prd1_us,information_schema,routines,"[specific_catalog, specific_catalog, specific_schema, specific_schema, specific_name, specific_name, routine_catalog, routine_catalog, routine_schema, routine_schema, routine_name, routine_name, routine_owner, routine_owner, routine_type, routine_type, data_type, data_type, full_data_type, full_data_type, character_maximum_length, character_maximum_length, character_octet_length, character_octet_length, numeric_precision, numeric_precision, numeric_precision_radix, numeric_precision_radix, numeric_scale, numeric_scale, datetime_precision, datetime_precision, interval_type, interval_type, interval_precision, interval_precision, maximum_cardinality, maximum_cardinality, routine_body, routine_body, routine_definition, routine_definition, external_name, external_name, external_language, external_language, parameter_style, parameter_style, is_deterministic, is_deterministic, sql_data_access, sql_data_access, is_null_call, is_null_call, security_type, security_type, sql_path, sql_path, comment, comment, created, created, created_by, created_by, last_altered, last_altered, last_altered_by, last_altered_by]"
fleet_prd1_us,information_schema,schema_tags,"[catalog_name, catalog_name, schema_name, schema_name, tag_name, tag_name, tag_value, tag_value]"
fleet_prd1_us,information_schema,table_constraints,"[constraint_catalog, constraint_catalog, constraint_schema, constraint_schema, constraint_name, constraint_name, table_catalog, table_catalog, table_schema, table_schema, table_name, table_name, constraint_type, constraint_type, is_deferrable, is_deferrable, initially_deferred, initially_deferred, enforced, enforced]"
fleet_prd1_us,information_schema,table_tags,"[catalog_name, catalog_name, schema_name, schema_name, table_name, table_name, tag_name, tag_name, tag_value, tag_value]"
fleet_prd1_us,information_schema,tables,"[table_catalog, table_catalog, table_schema, table_schema, table_name, table_name, table_type, table_type, is_insertable_into, is_insertable_into, commit_action, commit_action, table_owner, table_owner, comment, comment, created, created, created_by, created_by, last_altered, last_altered, last_altered_by, last_altered_by, data_source_format, data_source_format, storage_sub_directory, storage_sub_directory, storage_path, storage_path]"
fleet_prd1_us,information_schema,volume_privileges,"[grantor, grantor, grantee, grantee, volume_catalog, volume_catalog, volume_schema, volume_schema, volume_name, volume_name, privilege_type, privilege_type, is_grantable, is_grantable, inherited_from, inherited_from]"
ha-dev1-use1-hdp-aurora-postgresql1,dayofrent,emailtransactions,"[reservation_id, email_type, first_name, last_name, reservation_status, pickup_date_time, pickup_location, pickup_country, brand, email_success, email_attempt, email_attempt_date_time, email_address, phone_number, sipp_code, iata_number, vehicle_class_id, reservation_create_date_time, failure_reason, create_date_time, create_process, update_date_time, update_process]"
ha-dev1-use1-hdp-aurora-postgresql1,public,sat_rentalagreementassociation,"[brand_cd, HK_rentalagreementassociation, rental_pickup_dt, rental_agreement_version, rental_agreement_timestamp, rental_due_dt, load_date_ts, daily_rate, weekly_rate, monthly_rate, tax_total, net_due1, return_area_nbr, return_location_cd, rental_city, cdpid, rental_state, pickup_time_exact, return_time_exact, due_time_exact, liability_insurance_supplement_ind, liability_insurance_supplement_dailyrate, refuel_option_ind, refuel_option_gallon_rate, fuel_tank_capacity, premium_emergency_roadsideassistance_ind, premium_emergency_roadside_assistancedailyrate, collision_damage_waiver_ind, collision_damage_waiver_dailyrate, upsell_amt, row_status_dt, source_system, source_region, source_updated_ts, source_filename, HashDiff, execution_nbr, rental_agreement_nbr, pickup_location_cd, pickup_area_nbr]"
ha-dev1-use1-hdp-aurora-postgresql1,public,sat_reservation,"[reservation_update_ts, customer_age, customer_info_dnis_nbr, fee_for_intercity_rentals, pool_nbr, pickup_area_nbr, date_of_rental, min_age_required, revenue_area_nbr, return_area, return_dt, spe_indicator_cnt, immediate_reservation, transmitted_dt, otid, load_date_ts, HK_reservation, reservation_version, accepts_cdw, acceptance_level1_no1_club, acceptance_level2_no1_club, acceptance_level3_no1_club, acceptance_level4_no1_club, acceptance_level5_no1_club, action_cd, advance_online_checkin_ind, agent_info_field_1, agent_info_field_2, agent_info_field_3, air_version, airline_cd, available_timeout_flag, booked_on_unisys, booking_geo_area_cd, booking_hertz_country_cd, booking_hertz_location_cd, booking_iso_country_cd, booking_registration_cd, callback_ind, cci_version, cdp_version, collection_version, cancelled_by, corporate_contract_ind, current_logon_report_group, customer_info_geographicalarea_cd, customer_info_hertzcountry_cd, customer_info_isocountry_cd, customer_info_market_cd, customer_survey_flag, reservation_on_hold_byairlines, disability_manifest_ind, delivery_version, ecommerce_ind, eri_version, eurotunnel_filler, eut_version, ex1_filler, ex1_version, ex2_version, form_of_payment, general_cap_ind, indicator_set_for_sirius, international_5_star_servicelevel, initial_logon_reporting_group, international_or_domestic_ind, language, previous_action_code_orversion, local_reservation_ind, local_reservation_user_id, maximum_version_ind, misc_filler, no1_club_descriptor, no1_club_version, number_of_rental_days, next_reservation_id, original_interval_cd, promotion_code_used_byavailability, hold_flag, platinum_manifest_ind, prestige_collection_ind, previous_reservation_id_beforecancelrebook, promotional_code_used, pickup_city_cd, pickup_time_exact, pickup_iso_country_cd, pickup_iso_state_cd, pickup_location_cd, pickup_location_registered_forms, pickup_location_registered_formssun, pickup_location_registeredstd, pickup_location_registeredsun, pickup_oag_cd, pickup_state_cd, time_of_arrival_inmilitarytime, rat_version, reservation_filler, reservation_purge_flag, rmd_sent_ind, rms_version, return_city_cd, due_time_exact, return_iso_country_cd, return_iso_state_cd, return_location_cd, return_oag_cd, return_state_code_hertz, return_time, rate_quoted, sipp_cd, spe_filler, spe_version, ssd_filler, ssd_version, asap_indicator_in_gdd, best_rate_ind, corporate_or_license_ind, driving_certificate_ind, agent_has_readfi_ind, sold_confirmed_ind, is_gold_key_location, standby_ind, no1_club_server_level, is_password_used_forbooking, request_stat_ind, sold_stat_ind, training_stat_ind, unconfirmable_stat_ind, van_wijk_stat_ind, cancel_stat_ind, transmit_stat_ind, cancelled_licensee_reservation, sysdate_field, current_action_cd, tour_cnvtn, trk_filler, trk_version, terminal_process_name, tsi_version, test_location_ind, type_area, type_desk_of_worker, type_mail_area, type_phone_area, reservation_originating_system, name_of_updater_program, updater_system_name, vehicle_class, vehicle_garantee_ind, vehicle_type, 3d_secure_version, aci_train_id, apple_pay, authorization_char_ind, cancel_table, caredit_card_authorization_path, credit_card_change, card_level_ind, exemptions, moto_flag, original_charge_amt, ppd_pdd_table, person_tab, psd2_flag, res_ga, super_damage_waiver_bookedatreservation, special_equipment_required, sysdate, tour_markup_amt, tour_markup_vat_amt, validation_cd, tour_markup_currency_cd, customer_id, payment_method, payment_int_1, fingerprint, time_of_arrival_hold, row_status_dt, source_system, source_region, source_filename, source_updated_ts, brand_cd, reservation_nbr, HashDiff, execution_nbr]"
hanv-dvir-prd-rds-cluster-01,pg_catalog,pg_transform,"[oid, trftype, trflang, trffromsql, trftosql]"
hdp,hdp_bronze,adp_approvaldetails,"[Approval_Date, Approval_Date, Employee_ID, Employee_ID, Personnum, Personnum, Is_Approved_By_Employee, Is_Approved_By_Employee, Employee_Entered_DTM, Employee_Entered_DTM, Manager_ID, Manager_ID, Manager_Personnum, Manager_Personnum, Is_Approved_By_Manager, Is_Approved_By_Manager, Manager_Entered_DTM, Manager_Entered_DTM, _rescued_data, _rescued_data, SourceFilename, SourceFilename, LoadDate, LoadDate, LoadDateTime, LoadDateTime, SourceSystem, SourceSystem, SourceRegion, SourceRegion]"
hdp,hdp_bronze,adp_employeestatushistory,"[Employee_ID, Employee_ID, Personnum, Personnum, Employment_Status, Employment_Status, Effective_Date, Effective_Date, Expiration_Date, Expiration_Date, _rescued_data, _rescued_data, SourceFilename, SourceFilename, LoadDate, LoadDate, LoadDateTime, LoadDateTime, SourceSystem, SourceSystem, SourceRegion, SourceRegion]"
hdp,hdp_bronze,adp_timecarddetails,"[Employee_ID, Employee_ID, Personnum, Personnum, Employee_Name, Employee_Name, Apply_Date, Apply_Date, Time_Sheet_Item_ID, Time_Sheet_Item_ID, Time_Sheet_Item_Type_ID, Time_Sheet_Item_Type_ID, Time_Sheet_Item_Type, Time_Sheet_Item_Type, In_Punch_ID, In_Punch_ID, Out_Punch_ID, Out_Punch_ID, Raw_In_Punch_DTM, Raw_In_Punch_DTM, Raw_Out_Punch_DTM, Raw_Out_Punch_DTM, Round_In_Punch_or_Start_DTM, Round_In_Punch_or_Start_DTM, Round_Out_Punch_or_End_DTM, Round_Out_Punch_or_End_DTM, Historical_Apply_Date, Historical_Apply_Date, Paycode_ID, Paycode_ID, Paycode_Name, Paycode_Name, Hour_Amount, Hour_Amount, Day_Amount, Day_Amount, Money_Amount, Money_Amount, Cascading_Time_Sheet_Item_ID, Cascading_Time_Sheet_Item_ID, Cascading_Hour_Amount, Cascading_Hour_Amount, Cascading_Day_Amount, Cascading_Day_Amount, Worked_Division, Worked_Division, Worked_Region-zone, Worked_Region-zone, Worked_Location, Worked_Location, Worked_Dept, Worked_Dept, Worked_Job, Worked_Job, Worked_Supervisor_ID, Worked_Supervisor_ID, Worked_Area_Number, Worked_Area_Number, Worked_Work_Rule, Worked_Work_Rule, Sign_Off_Indicator, Sign_Off_Indicator, Data_Extract_DTM, Data_Extract_DTM, _rescued_data, _rescued_data, SourceFilename, SourceFilename, LoadDate, LoadDate, LoadDateTime, LoadDateTime, SourceSystem, SourceSystem, SourceRegion, SourceRegion]"
hdp,hdp_bronze,carsplus_canada_open_rentals,"[ra_number, ra_number, res_number, res_number, iata_number, iata_number, src_code, src_code, rental_area, rental_area, rental_loc_code, rental_loc_code, rental_loc_alpha, rental_loc_alpha, rental_loc_desc, rental_loc_desc, rental_loc_type, rental_loc_type, rental_date, rental_date, rental_time, rental_time, rental_day_of_week, rental_day_of_week, rental_employee, rental_employee, return_area, return_area, return_loc_code, return_loc_code, return_loc_alpha, return_loc_alpha, return_loc_type, return_loc_type, return_loc_desc, return_loc_desc, intercity_ind, intercity_ind, return_date, return_date, return_time, return_time, return_day_week, return_day_week, return_employee, return_employee, class_driven, class_driven, ldw_ind, ldw_ind, ldw_amt, ldw_amt, underage_ind, underage_ind, fpo_ind, fpo_ind, upgd_ind, upgd_ind, upgd_amt, upgd_amt, dw_ind, dw_ind, pnp_ind, pnp_ind, damage_ind, damage_ind, promo_code, promo_code, vin, vin, make, make, model, model, model_year, model_year, car_class, car_class, class_size, class_size, unit_number, unit_number, color, color, rental_odo, rental_odo, fuel_type, fuel_type, cust_first_name, cust_first_name, cust_last_name, cust_last_name, it_code, it_code, cdpid, cdpid, service_flag, service_flag, cust_tier_lvl, cust_tier_lvl, first_time_gold, first_time_gold, cust_address, cust_address, cust_state, cust_state, cust_country, cust_country, billto_state, billto_state, billto_country, billto_country, cust_email, cust_email, loyalty_number, loyalty_number, cust_age, cust_age, cust_gender, cust_gender, preprint_ind, preprint_ind, ultimate_choice_ind, ultimate_choice_ind, rental_type, rental_type, _rescued_data, _rescued_data, SourceFilename, SourceFilename, LoadDate, LoadDate, LoadDateTime, LoadDateTime, SourceSystem, SourceSystem, SourceRegion, SourceRegion]"
hdp,hdp_bronze,ccc_ccc_damage,"[clm_nbr, clm_nbr, file_sfx, file_sfx, company_cd, company_cd, company_nm, company_nm, company_loc_id, company_loc_id, clm_ofc_st_cd, clm_ofc_st_cd, clm_ofc_zip_cd, clm_ofc_zip_cd, file_apprsr_company_loc_id, file_apprsr_company_loc_id, file_apprsr_id, file_apprsr_id, file_apprsr_nm, file_apprsr_nm, file_apprsr_usr_id, file_apprsr_usr_id, file_apprsr_usr_nm, file_apprsr_usr_nm, file_software_serl_nbr, file_software_serl_nbr, est_apprsr_prnt_id, est_apprsr_prnt_id, est_apprsr_reg_id, est_apprsr_reg_id, est_apprsr_nm, est_apprsr_nm, est_apprsr_usr_id, est_apprsr_usr_id, est_apprsr_usr_nm, est_apprsr_usr_nm, est_software_serl_nbr, est_software_serl_nbr, file_brnch_cd, file_brnch_cd, file_typ_cd, file_typ_cd, file_nm, file_nm, file_src_cd, file_src_cd, loss_ctgry_cd, loss_ctgry_cd, file_insp_loc_typ_cd, file_insp_loc_typ_cd, airbag_dplyd_flg, airbag_dplyd_flg, veh_typ_cd, veh_typ_cd, veh_model_desc, veh_model_desc, veh_make_cd, veh_make_cd, veh_src_cd, veh_src_cd, veh_mfg_cd, veh_mfg_cd, veh_yr, veh_yr, veh_door_styl_desc, veh_door_styl_desc, veh_bdy_styl_desc, veh_bdy_styl_desc, veh_engn_desc, veh_engn_desc, veh_extr_clr, veh_extr_clr, vin, vin, veh_age, veh_age, veh_age_grp_cd, veh_age_grp_cd, prmry_poi_cd, prmry_poi_cd, secndry_poi_cd, secndry_poi_cd, odom, odom, odom_rng_cd, odom_rng_cd, drivbl_flg, drivbl_flg, rprbl_condtn, rprbl_condtn, supplmnt_cnt, supplmnt_cnt, file_cnt, file_cnt, tot_supplmnt_cnt, tot_supplmnt_cnt, supplmnt_apprsr_diffrnt_cnt, supplmnt_apprsr_diffrnt_cnt, tot_loss_cnt, tot_loss_cnt, net_cost_of_rpr_amt, net_cost_of_rpr_amt, file_amt, file_amt, tax_amt, tax_amt, pre_tax_amt, pre_tax_amt, dedctbl_amt, dedctbl_amt, bettermnt_amt, bettermnt_amt, bettermnt_file_cnt, bettermnt_file_cnt, allownc_amt, allownc_amt, allownc_file_cnt, allownc_file_cnt, tow_amt, tow_amt, storage_amt, storage_amt, storage_dys, storage_dys, rpr_dys, rpr_dys, hazdous_wst_amt, hazdous_wst_amt, misc_amt, misc_amt, tot_loss_thrshld_amt, tot_loss_thrshld_amt, shet_metl_rpr_hrs, shet_metl_rpr_hrs, shet_metl_replc_hrs, shet_metl_replc_hrs, shet_metl_rpr_amt, shet_metl_rpr_amt, shet_metl_replc_amt, shet_metl_replc_amt, shet_metl_file_cnt, shet_metl_file_cnt, mech_rpr_hrs, mech_rpr_hrs, mech_replc_hrs, mech_replc_hrs, mech_rpr_amt, mech_rpr_amt, mech_replc_amt, mech_replc_amt, mech_file_cnt, mech_file_cnt, frame_rpr_hrs, frame_rpr_hrs, frame_replc_hrs, frame_replc_hrs, frame_rpr_amt, frame_rpr_amt, frame_replc_amt, frame_replc_amt, frame_file_cnt, frame_file_cnt, paint_rpr_hrs, paint_rpr_hrs, paint_replc_hrs, paint_replc_hrs, paint_rpr_amt, paint_rpr_amt, paint_replc_amt, paint_replc_amt, paint_file_cnt, paint_file_cnt, paint_suppl_rpr_hrs, paint_suppl_rpr_hrs, paint_suppl_replc_hrs, paint_suppl_replc_hrs, paint_suppl_rpr_amt, paint_suppl_rpr_amt, paint_suppl_replc_amt, paint_suppl_replc_amt, paint_suppl_amt, paint_suppl_amt, paint_suppl_file_cnt, paint_suppl_file_cnt, max_paint_suppl_amt, max_paint_suppl_amt, max_paint_suppl_amt_used_cnt, max_paint_suppl_amt_used_cnt, bdy_suppl_rpr_hrs, bdy_suppl_rpr_hrs, bdy_suppl_replc_hrs, bdy_suppl_replc_hrs, bdy_suppl_rpr_amt, bdy_suppl_rpr_amt, bdy_suppl_replc_amt, bdy_suppl_replc_amt, bdy_suppl_file_cnt, bdy_suppl_file_cnt, user1_def_rpr_hrs, user1_def_rpr_hrs, user1_def_replc_hrs, user1_def_replc_hrs, user1_def_rpr_amt, user1_def_rpr_amt, user1_def_replc_amt, user1_def_replc_amt, user2_def_rpr_hrs, user2_def_rpr_hrs, user2_def_replc_hrs, user2_def_replc_hrs, user2_def_rpr_amt, user2_def_rpr_amt, user2_def_replc_amt, user2_def_replc_amt, rpr_lbr_hrs, rpr_lbr_hrs, replc_lbr_hrs, replc_lbr_hrs, lbr_hrs, lbr_hrs, rpr_lbr_amt, rpr_lbr_amt, replc_lbr_amt, replc_lbr_amt, lbr_tot_amt, lbr_tot_amt, rpr_lbr_file_cnt, rpr_lbr_file_cnt, replc_lbr_file_cnt, replc_lbr_file_cnt, lbr_file_cnt, lbr_file_cnt, oem_prt_cnt, oem_prt_cnt, oem_prt_amt, oem_prt_amt, oem_list_prt_cnt, oem_list_prt_cnt, oem_list_prt_amt, oem_list_prt_amt, oem_list_file_cnt, oem_list_file_cnt, oem_mrkd_up_prt_cnt, oem_mrkd_up_prt_cnt, oem_mrkd_up_prt_amt, oem_mrkd_up_prt_amt, oem_mrkd_up_file_cnt, oem_mrkd_up_file_cnt, oem_pre_mrkd_up_prt_amt, oem_pre_mrkd_up_prt_amt, oem_disc_prt_cnt, oem_disc_prt_cnt, oem_disc_prt_amt, oem_disc_prt_amt, oem_disc_file_cnt, oem_disc_file_cnt, oem_pre_disc_prt_amt, oem_pre_disc_prt_amt, am_prt_cnt, am_prt_cnt, am_prt_amt, am_prt_amt, am_comparbl_prt_amt, am_comparbl_prt_amt, am_file_cnt, am_file_cnt, recycld_prt_cnt, recycld_prt_cnt, recycld_prt_amt, recycld_prt_amt, recycled_file_cnt, recycled_file_cnt, ro_prt_cnt, ro_prt_cnt, ro_prt_amt, ro_prt_amt, ro_file_cnt, ro_file_cnt, dedctbl_file_cnt, dedctbl_file_cnt, tow_file_cnt, tow_file_cnt, storage_file_cnt, storage_file_cnt, hazdous_waste_file_cnt, hazdous_waste_file_cnt, num_lines, num_lines, othr_disc_amt, othr_disc_amt, othr_disc_file_cnt, othr_disc_file_cnt, oem_file_cnt, oem_file_cnt, ro_comparbl_prt_amt, ro_comparbl_prt_amt, recycld_prt_notif_cnt, recycld_prt_notif_cnt, recycld_prt_notif_used_cnt, recycld_prt_notif_used_cnt, tire_file_cnt, tire_file_cnt, tire_prt_amt, tire_prt_amt, tire_prt_cnt, tire_prt_cnt, pathways_appl_ver, pathways_appl_ver, rpr_fclty_nm, rpr_fclty_nm, rpr_fclty_st_cd, rpr_fclty_st_cd, rpr_fclty_zipcd, rpr_fclty_zipcd, est_cnt, est_cnt, file_amt_chngd, file_amt_chngd, est_amt_chngd, est_amt_chngd, supplmnt_amt_chngd, supplmnt_amt_chngd, tax_amt_chngd, tax_amt_chngd, pre_tax_amt_chngd, pre_tax_amt_chngd, dedctbl_amt_chngd, dedctbl_amt_chngd, bettermnt_amt_chngd, bettermnt_amt_chngd, bettermnt_file_cnt_chngd, bettermnt_file_cnt_chngd, allownc_amt_chngd, allownc_amt_chngd, allownc_file_cnt_chngd, allownc_file_cnt_chngd, tow_amt_chngd, tow_amt_chngd, storage_amt_chngd, storage_amt_chngd, storage_dys_chngd, storage_dys_chngd, rpr_dys_chngd, rpr_dys_chngd, hazdous_waste_amt_chngd, hazdous_waste_amt_chngd, misc_amt_chngd, misc_amt_chngd, shet_metl_rpr_hrs_chngd, shet_metl_rpr_hrs_chngd, shet_metl_replc_hrs_chngd, shet_metl_replc_hrs_chngd, shet_metl_rpr_amt_chngd, shet_metl_rpr_amt_chngd, shet_metl_replc_amt_chngd, shet_metl_replc_amt_chngd, shet_metl_file_cnt_chngd, shet_metl_file_cnt_chngd, mech_rpr_hrs_chngd, mech_rpr_hrs_chngd, mech_replc_hrs_chngd, mech_replc_hrs_chngd, mech_rpr_amt_chngd, mech_rpr_amt_chngd, mech_replc_amt_chngd, mech_replc_amt_chngd, mech_file_cnt_chngd, mech_file_cnt_chngd, frame_rpr_hrs_chngd, frame_rpr_hrs_chngd, frame_replc_hrs_chngd, frame_replc_hrs_chngd, frame_rpr_amt_chngd, frame_rpr_amt_chngd, frame_replc_amt_chngd, frame_replc_amt_chngd, frame_file_cnt_chngd, frame_file_cnt_chngd, paint_rpr_hrs_chngd, paint_rpr_hrs_chngd, paint_replc_hrs_chngd, paint_replc_hrs_chngd, paint_rpr_amt_chngd, paint_rpr_amt_chngd, paint_replc_amt_chngd, paint_replc_amt_chngd, paint_file_cnt_chngd, paint_file_cnt_chngd, paint_suppl_rpr_hrs_chngd, paint_suppl_rpr_hrs_chngd, paint_suppl_replc_hrs_chngd, paint_suppl_replc_hrs_chngd, paint_suppl_rpr_amt_chngd, paint_suppl_rpr_amt_chngd, paint_suppl_replc_amt_chngd, paint_suppl_replc_amt_chngd, paint_suppl_amt_chngd, paint_suppl_amt_chngd, paint_suppl_file_cnt_chngd, paint_suppl_file_cnt_chngd, bdy_suppl_rpr_hrs_chngd, bdy_suppl_rpr_hrs_chngd, bdy_suppl_replc_hrs_chngd, bdy_suppl_replc_hrs_chngd, bdy_suppl_rpr_amt_chngd, bdy_suppl_rpr_amt_chngd, bdy_suppl_replc_amt_chngd, bdy_suppl_replc_amt_chngd, bdy_suppl_file_cnt_chngd, bdy_suppl_file_cnt_chngd, user1_def_rpr_hrs_chngd, user1_def_rpr_hrs_chngd, user1_def_replc_hrs_chngd, user1_def_replc_hrs_chngd, user1_def_rpr_amt_chngd, user1_def_rpr_amt_chngd, user1_def_replc_amt_chngd, user1_def_replc_amt_chngd, user2_def_rpr_hrs_chngd, user2_def_rpr_hrs_chngd, user2_def_replc_hrs_chngd, user2_def_replc_hrs_chngd, user2_def_rpr_amt_chngd, user2_def_rpr_amt_chngd, user2_def_replc_amt_chngd, user2_def_replc_amt_chngd, rpr_lbr_hrs_chngd, rpr_lbr_hrs_chngd, replc_lbr_hrs_chngd, replc_lbr_hrs_chngd, lbr_hrs_chngd, lbr_hrs_chngd, rpr_lbr_amt_chngd, rpr_lbr_amt_chngd, replc_lbr_amt_chngd, replc_lbr_amt_chngd, lbr_tot_amt_chngd, lbr_tot_amt_chngd, rpr_lbr_file_cnt_chngd, rpr_lbr_file_cnt_chngd, replc_lbr_file_cnt_chngd, replc_lbr_file_cnt_chngd, lbr_file_cnt_chngd, lbr_file_cnt_chngd, oem_prt_cnt_chngd, oem_prt_cnt_chngd, oem_prt_amt_chngd, oem_prt_amt_chngd, oem_list_prt_cnt_chngd, oem_list_prt_cnt_chngd, oem_list_prt_amt_chngd, oem_list_prt_amt_chngd, oem_list_file_cnt_chngd, oem_list_file_cnt_chngd, oem_mrkd_up_prt_cnt_chngd, oem_mrkd_up_prt_cnt_chngd, oem_mrkd_up_prt_amt_chngd, oem_mrkd_up_prt_amt_chngd, oem_mrkd_up_file_cnt_chngd, oem_mrkd_up_file_cnt_chngd, oem_pre_mrkd_up_prt_amt_chngd, oem_pre_mrkd_up_prt_amt_chngd, oem_disc_prt_cnt_chngd, oem_disc_prt_cnt_chngd, oem_disc_prt_amt_chngd, oem_disc_prt_amt_chngd, oem_disc_file_cnt_chngd, oem_disc_file_cnt_chngd, oem_pre_disc_prt_amt_chngd, oem_pre_disc_prt_amt_chngd, am_prt_cnt_chngd, am_prt_cnt_chngd, am_prt_amt_chngd, am_prt_amt_chngd, am_comparbl_prt_amt_chngd, am_comparbl_prt_amt_chngd, am_file_cnt_chngd, am_file_cnt_chngd, recycld_prt_cnt_chngd, recycld_prt_cnt_chngd, recycld_prt_amt_chngd, recycld_prt_amt_chngd, recycld_file_cnt_chngd, recycld_file_cnt_chngd, ro_prt_cnt_chngd, ro_prt_cnt_chngd, ro_prt_amt_chngd, ro_prt_amt_chngd, ro_file_cnt_chngd, ro_file_cnt_chngd, dedctbl_file_cnt_chngd, dedctbl_file_cnt_chngd, tow_file_cnt_chngd, tow_file_cnt_chngd, storage_file_cnt_chngd, storage_file_cnt_chngd, hazdous_waste_file_cnt_chngd, hazdous_waste_file_cnt_chngd, nbr_of_lines_chngd, nbr_of_lines_chngd, othr_discounts_amt_chngd, othr_discounts_amt_chngd, othr_disc_file_cnt_chngd, othr_disc_file_cnt_chngd, max_paint_suppl_amt_chngd, max_paint_suppl_amt_chngd, oem_file_cnt_chngd, oem_file_cnt_chngd, ro_comparbl_prt_amt_chngd, ro_comparbl_prt_amt_chngd, recycld_prt_notif_cnt_chngd, recycld_prt_notif_cnt_chngd, recycld_prt_notif_used_cnt_chngd, recycld_prt_notif_used_cnt_chngd, tire_file_cnt_chngd, tire_file_cnt_chngd, tire_prt_amt_chngd, tire_prt_amt_chngd, tire_prt_cnt_chngd, tire_prt_cnt_chngd, inst_dttm, inst_dttm, loss_dttm, loss_dttm, loss_rpt_dttm, loss_rpt_dttm, assgn_snt_dttm, assgn_snt_dttm, file_snt_dttm, file_snt_dttm, assgn_retrvd_dttm, assgn_retrvd_dttm, est_strt_dttm, est_strt_dttm, file_strt_dttm, file_strt_dttm, est_cmplt_dttm, est_cmplt_dttm, file_cmplt_dttm, file_cmplt_dttm, prev_file_cmplt_dttm, prev_file_cmplt_dttm, supplmnt_frst_strt_dttm, supplmnt_frst_strt_dttm, supplmnt_last_cmplt_dttm, supplmnt_last_cmplt_dttm, val_req_dttm, val_req_dttm, val_rtn_dttm, val_rtn_dttm, slvg_bid_accpt_dttm, slvg_bid_accpt_dttm, settlmnt_dttm, settlmnt_dttm, paid_st_dttm, paid_st_dttm, loss_to_loss_rpt_dys, loss_to_loss_rpt_dys, loss_to_loss_rpt_flg, loss_to_loss_rpt_flg, loss_to_est_strt_dys, loss_to_est_strt_dys, loss_to_est_strt_flg, loss_to_est_strt_flg, est_strt_to_file_cmplt_dys, est_strt_to_file_cmplt_dys, est_strt_to_file_cmplt_flg, est_strt_to_file_cmplt_flg, est_strt_to_settlmnt_dys, est_strt_to_settlmnt_dys, est_strt_to_settlmnt_flg, est_strt_to_settlmnt_flg, loss_rpt_to_assgn_snt_dys, loss_rpt_to_assgn_snt_dys, loss_rpt_to_assgn_snt_flg, loss_rpt_to_assgn_snt_flg, assgn_snt_to_assgn_retrvd_dys, assgn_snt_to_assgn_retrvd_dys, assgn_snt_to_assgn_retrvd_flg, assgn_snt_to_assgn_retrvd_flg, file_strt_to_file_cmplt_dys, file_strt_to_file_cmplt_dys, file_strt_to_file_cmplt_flg, file_strt_to_file_cmplt_flg, file_cmplt_to_file_snt_dys, file_cmplt_to_file_snt_dys, file_cmplt_to_file_snt_flg, file_cmplt_to_file_snt_flg, assgn_retrvd_to_est_strt_dys, assgn_retrvd_to_est_strt_dys, assgn_retrvd_to_est_strt_flg, assgn_retrvd_to_est_strt_flg, est_strt_to_est_cmplt_dys, est_strt_to_est_cmplt_dys, est_strt_to_est_cmplt_flg, est_strt_to_est_cmplt_flg, supplmnt_frst_to_supplmnt_last_dys, supplmnt_frst_to_supplmnt_last_dys, supplmnt_frst_to_supplmnt_last_flg, supplmnt_frst_to_supplmnt_last_flg, val_req_to_val_rtn_dys, val_req_to_val_rtn_dys, val_req_to_val_rtn_flg, val_req_to_val_rtn_flg, settlmnt_to_paid_st_dys, settlmnt_to_paid_st_dys, settlmnt_to_paid_st_flg, settlmnt_to_paid_st_flg, prev_file_cmplt_to_file_strt_flg, prev_file_cmplt_to_file_strt_flg, prev_file_cmplt_to_file_strt_dys, prev_file_cmplt_to_file_strt_dys, plcy_nbr, plcy_nbr, veh_lic, veh_lic, veh_ownr_frst_nm, veh_ownr_frst_nm, veh_ownr_last_nm, veh_ownr_last_nm, veh_ownr_zipcd, veh_ownr_zipcd, veh_ownr_st_cd, veh_ownr_st_cd, clm_typ_cd, clm_typ_cd, odom_file_cnt, odom_file_cnt, reltd_prior_dmg_file_cnt, reltd_prior_dmg_file_cnt, reltd_prior_dmg_amt, reltd_prior_dmg_amt, optoem_prt_cnt, optoem_prt_cnt, optoem_prt_amt, optoem_prt_amt, opt_oem_file_cnt, opt_oem_file_cnt, optoem_comparbl_prt_amt, optoem_comparbl_prt_amt, odom_file_cnt_chngd, odom_file_cnt_chngd, reltd_prior_dmg_file_cnt_chngd, reltd_prior_dmg_file_cnt_chngd, reltd_prior_dmg_amt_chngd, reltd_prior_dmg_amt_chngd, opt_oem_prt_cnt_chngd, opt_oem_prt_cnt_chngd, opt_oem_prt_amt_chngd, opt_oem_prt_amt_chngd, opt_oem_file_cnt_chngd, opt_oem_file_cnt_chngd, opt_oem_comparbl_prt_amt_chngd, opt_oem_comparbl_prt_amt_chngd, cat_cnt, cat_cnt, cat_nm, cat_nm, veh_ownr_cty, veh_ownr_cty, veh_ownr_cbsa, veh_ownr_cbsa, insp_loc_cty, insp_loc_cty, insp_loc_zipcd, insp_loc_zipcd, insp_loc_cbsa, insp_loc_cbsa, insp_loc_st_cd, insp_loc_st_cd, est_snt_dttm, est_snt_dttm, insp_dttm, insp_dttm, regnl_val_file_cnt, regnl_val_file_cnt, regnl_val_amt, regnl_val_amt, tot_loss_thrshld_file_cnt, tot_loss_thrshld_file_cnt, ovr_tl_thrshld_file_cnt, ovr_tl_thrshld_file_cnt, ovr_tl_thrshld_cd, ovr_tl_thrshld_cd, tcor_to_regnl_val_pct, tcor_to_regnl_val_pct, pre_tax_disc_amt, pre_tax_disc_amt, regnl_val_file_cnt_chngd, regnl_val_file_cnt_chngd, regnl_val_amt_chngd, regnl_val_amt_chngd, tot_loss_thrshld_pct_chngd, tot_loss_thrshld_pct_chngd, tot_loss_thrshld_amt_chngd, tot_loss_thrshld_amt_chngd, tcor_to_regnl_val_pct_chngd, tcor_to_regnl_val_pct_chngd, pre_tax_disc_amt_chngd, pre_tax_disc_amt_chngd, clm_typ_dtl_cd, clm_typ_dtl_cd, last_assgn_snt_dttm, last_assgn_snt_dttm, pdr_lbr_amt, pdr_lbr_amt, pdr_lbr_file_cnt, pdr_lbr_file_cnt, file_typ_desc, file_typ_desc, file_src_desc, file_src_desc, loss_ctgry_desc, loss_ctgry_desc, file_insp_loc_typ_desc, file_insp_loc_typ_desc, veh_typ_desc, veh_typ_desc, veh_make_desc, veh_make_desc, veh_src_desc, veh_src_desc, veh_mfg_desc, veh_mfg_desc, veh_age_grp_desc, veh_age_grp_desc, prmry_poi_desc, prmry_poi_desc, secndry_poi_desc, secndry_poi_desc, odom_rng_desc, odom_rng_desc, apprsr_typ_desc, apprsr_typ_desc, apprsr_typ_cd, apprsr_typ_cd, clm_typ_desc, clm_typ_desc, clm_ctgry_cd, clm_ctgry_cd, clm_ctgry_desc, clm_ctgry_desc, clm_typ_dtl_desc, clm_typ_dtl_desc, clm_fldr_id, clm_fldr_id, file_insp_typ_desc, file_insp_typ_desc, moi_std_grp_desc, moi_std_grp_desc, secndry_company_cd, secndry_company_cd, file_apprsr_alias, file_apprsr_alias, qck_est_flg, qck_est_flg, load_dt, load_dt, _rescued_data, _rescued_data, SourceFilename, SourceFilename, LoadDate, LoadDate, LoadDateTime, LoadDateTime, SourceSystem, SourceSystem, SourceRegion, SourceRegion]"
hdp,hdp_bronze,dash_historical_ramc,"[MC-ARRAY, MC-ARRAY, RAMC_RA_PART, RAMC_RA_PART, RAMC_RA_NBR, RAMC_RA_NBR, RAMC_MC_DT_TM, RAMC_MC_DT_TM, RAMC_INSERT_DT_TM, RAMC_INSERT_DT_TM, RAMC_LOAD_DTTM, RAMC_LOAD_DTTM, RAMC_FILE_DATE, RAMC_FILE_DATE, RAMC_MC_DT, RAMC_MC_DT, _rescued_data, _rescued_data, SourceFilename, SourceFilename, LoadDate, LoadDate, LoadDateTime, LoadDateTime, SourceSystem, SourceSystem, SourceRegion, SourceRegion]"
hdp,hdp_bronze,drivecheckin_admin_users,"[id, id, email, email, created_at, created_at, updated_at, updated_at, _rescued_data, _rescued_data, SourceFilename, SourceFilename, LoadDate, LoadDate, LoadDateTime, LoadDateTime, SourceSystem, SourceSystem, SourceRegion, SourceRegion]"
hdp,hdp_bronze,drivecheckin_car_top_lifecycles,"[vin, vin, install_date, install_date, removal_date, removal_date, created_at, created_at, updated_at, updated_at, _rescued_data, _rescued_data, SourceFilename, SourceFilename, LoadDate, LoadDate, LoadDateTime, LoadDateTime, SourceSystem, SourceSystem, SourceRegion, SourceRegion]"
hdp,hdp_bronze,drivecheckin_model_alias,"[full_model_name, full_model_name, uber_model_name, uber_model_name, _rescued_data, _rescued_data, SourceFilename, SourceFilename, LoadDate, LoadDate, LoadDateTime, LoadDateTime, SourceSystem, SourceSystem, SourceRegion, SourceRegion]"
hdp,hdp_bronze,drivecheckin_rental_agreements,"[start_date, start_date, end_date, end_date, status, status, rental_agreement_number, rental_agreement_number, reservation_number, reservation_number, unit_number, unit_number, area_number, area_number, location_id, location_id, start_time, start_time, created_at, created_at, updated_at, updated_at, vin, vin, cdp_id, cdp_id, last_dash_update_time, last_dash_update_time, due_date, due_date, due_time, due_time, consumer_prod_cd, consumer_prod_cd, _rescued_data, _rescued_data, SourceFilename, SourceFilename, LoadDate, LoadDate, LoadDateTime, LoadDateTime, SourceSystem, SourceSystem, SourceRegion, SourceRegion]"
hdp,hdp_bronze,eam_projectonecarrentfcseaminventory,"[area_nbr, area_nbr, unit_nbr, unit_nbr, vin, vin, document_nbr, document_nbr, in_loc_nbr, in_loc_nbr, inv_dt, inv_dt, invtm, invtm, in_mileage, in_mileage, oper_stat_cde, oper_stat_cde, add_dt_tm, add_dt_tm, user_id, user_id, invkey, invkey, extdt, extdt, source_system, source_system, dp_insert_date, dp_insert_date, _rescued_data, _rescued_data, SourceFilename, SourceFilename, LoadDate, LoadDate, LoadDateTime, LoadDateTime, SourceSystem, SourceSystem, SourceRegion, SourceRegion]"
hdp,hdp_bronze,eam_projectonefccae040carclass,"[ccls_ctry_code, ccls_ctry_code, ccls_car_class, ccls_car_class, ccls_beg_dt_tm, ccls_beg_dt_tm, ccls_end_dt_tm, ccls_end_dt_tm, ccls_category, ccls_category, ccls_short_desc, ccls_short_desc, ccls_long_desc, ccls_long_desc, ccls_upd_dt_tm, ccls_upd_dt_tm, ccls_upd_user_id, ccls_upd_user_id, ccls_upd_pgm_id, ccls_upd_pgm_id, ccls_add_dt_tm, ccls_add_dt_tm, ccls_add_user_id, ccls_add_user_id, ccls_add_pgm_id, ccls_add_pgm_id, ccls_grnt_rnt_ind, ccls_grnt_rnt_ind, ccls_catg, ccls_catg, ccls_class_group, ccls_class_group, ccls_car_class_wght, ccls_car_class_wght, load_dt, load_dt, _rescued_data, _rescued_data, SourceFilename, SourceFilename, LoadDate, LoadDate, LoadDateTime, LoadDateTime, SourceSystem, SourceSystem, SourceRegion, SourceRegion]"
